<?xml version="1.0" encoding="UTF-8"?>
<project-private xmlns="http://www.netbeans.org/ns/project-private/1">
    <editor-bookmarks xmlns="http://www.netbeans.org/ns/editor-bookmarks/2" lastBookmarkId="0"/>
    <open-files xmlns="http://www.netbeans.org/ns/projectui-open-files/2">
        <group>
            <file>file:/D:/pumo%20workouts/Inventory%20Management%20System/src/Home.java</file>
            <file>file:/D:/pumo%20workouts/Inventory%20Management%20System/src/dao/tables.java</file>
            <file>file:/D:/pumo%20workouts/Inventory%20Management%20System/src/dao/ManageProduct.java</file>
            <file>file:/D:/pumo%20workouts/Inventory%20Management%20System/src/dao/ManageCustomer.java</file>
            <file>file:/D:/pumo%20workouts/Inventory%20Management%20System/src/dao/ViewOrders.java</file>
            <file>file:/D:/pumo%20workouts/Inventory%20Management%20System/src/dao/ManageOrder.java</file>
            <file>file:/D:/pumo%20workouts/Inventory%20Management%20System/src/dao/ManageCategory.java</file>
            <file>file:/D:/pumo%20workouts/Inventory%20Management%20System/src/Login.java</file>
        </group>
    </open-files>
</project-private>
